学号,姓名,年龄,成绩
1519,刘琨,22,32
1507,王中奇,20,42
1522,武文嘉,18,51
1517,刘京,23,54
1506,周白诗,18,56
1511,肖舒,22,62
1510,王峥,20,65
1523,徐冬蕾,19,66
1516,陈迪,19,69
1521,刘嵩,20,69
1520,闫卓琳,19,70
1504,周二,21,71
1515,肖青,20,75
1525,陈珂瑾,24,78
1509,秦婷婷,21,82
1514,何圆 ,18,82
1526,宋宾,21,83
1513,马丹丹,23,86
1518,杨文田,21,87
1502,李四,22,88
1503,王五,20,92
1524,刘建伟,19,95
1501,张三,21,96
1508,陈宏子,22,98
1512,常小丽,20,99
1505,王小丫,19,100
